-- Seed data for profile_measurements database
-- This script inserts sample profiles and measurements for testing and development

-- Insert sample profiles
INSERT INTO profile (id, name) VALUES
('550e8400-e29b-41d4-a716-446655440001', 'João Silva'),
('550e8400-e29b-41d4-a716-446655440002', 'Maria Santos'),
('550e8400-e29b-41d4-a716-446655440003', 'Carlos Pereira'),
('550e8400-e29b-41d4-a716-446655440004', 'Ana Oliveira'),
('550e8400-e29b-41d4-a716-446655440005', 'Roberto Costa');

-- Insert measurements for João Silva
-- Weight tracking over several months
INSERT INTO profile_measurement (profile_id, weight_value, measured_at) VALUES
('550e8400-e29b-41d4-a716-446655440001', 85.50, '2024-01-01 08:00:00'),
('550e8400-e29b-41d4-a716-446655440001', 85.20, '2024-01-08 08:15:00'),
('550e8400-e29b-41d4-a716-446655440001', 84.80, '2024-01-15 08:30:00'),
('550e8400-e29b-41d4-a716-446655440001', 84.30, '2024-01-22 07:45:00'),
('550e8400-e29b-41d4-a716-446655440001', 83.90, '2024-01-29 08:00:00'),
('550e8400-e29b-41d4-a716-446655440001', 83.40, '2024-02-05 08:10:00'),
('550e8400-e29b-41d4-a716-446655440001', 82.80, '2024-02-12 08:20:00'),
('550e8400-e29b-41d4-a716-446655440001', 82.30, '2024-02-19 07:50:00'),
('550e8400-e29b-41d4-a716-446655440001', 81.70, '2024-02-26 08:05:00'),
('550e8400-e29b-41d4-a716-446655440001', 81.20, '2024-03-04 08:15:00'),
('550e8400-e29b-41d4-a716-446655440001', 80.60, '2024-03-11 08:25:00'),
('550e8400-e29b-41d4-a716-446655440001', 80.10, '2024-03-18 07:40:00'),
('550e8400-e29b-41d4-a716-446655440001', 79.80, '2024-03-25 08:00:00');

-- Insert measurements for Maria Santos
INSERT INTO profile_measurement (profile_id, weight_value, measured_at) VALUES
('550e8400-e29b-41d4-a716-446655440002', 62.30, '2024-01-05 07:30:00'),
('550e8400-e29b-41d4-a716-446655440002', 62.10, '2024-01-12 07:45:00'),
('550e8400-e29b-41d4-a716-446655440002', 61.80, '2024-01-19 08:00:00'),
('550e8400-e29b-41d4-a716-446655440002', 61.50, '2024-01-26 07:15:00'),
('550e8400-e29b-41d4-a716-446655440002', 61.20, '2024-02-02 07:30:00'),
('550e8400-e29b-41d4-a716-446655440002', 60.80, '2024-02-09 07:45:00'),
('550e8400-e29b-41d4-a716-446655440002', 60.40, '2024-02-16 08:00:00'),
('550e8400-e29b-41d4-a716-446655440002', 60.10, '2024-02-23 07:20:00'),
('550e8400-e29b-41d4-a716-446655440002', 59.80, '2024-03-01 07:35:00'),
('550e8400-e29b-41d4-a716-446655440002', 59.60, '2024-03-08 07:50:00'),
('550e8400-e29b-41d4-a716-446655440002', 59.30, '2024-03-15 08:05:00'),
('550e8400-e29b-41d4-a716-446655440002', 59.10, '2024-03-22 07:10:00');

-- Insert measurements for Carlos Pereira
INSERT INTO profile_measurement (profile_id, weight_value, measured_at) VALUES
('550e8400-e29b-41d4-a716-446655440003', 95.70, '2024-01-03 09:00:00'),
('550e8400-e29b-41d4-a716-446655440003', 95.40, '2024-01-10 09:15:00'),
('550e8400-e29b-41d4-a716-446655440003', 95.00, '2024-01-17 08:30:00'),
('550e8400-e29b-41d4-a716-446655440003', 94.60, '2024-01-24 09:00:00'),
('550e8400-e29b-41d4-a716-446655440003', 94.20, '2024-01-31 08:45:00'),
('550e8400-e29b-41d4-a716-446655440003', 93.70, '2024-02-07 09:10:00'),
('550e8400-e29b-41d4-a716-446655440003', 93.20, '2024-02-14 08:55:00'),
('550e8400-e29b-41d4-a716-446655440003', 92.80, '2024-02-21 09:20:00'),
('550e8400-e29b-41d4-a716-446655440003', 92.30, '2024-02-28 08:40:00'),
('550e8400-e29b-41d4-a716-446655440003', 91.90, '2024-03-06 09:05:00'),
('550e8400-e29b-41d4-a716-446655440003', 91.40, '2024-03-13 09:25:00'),
('550e8400-e29b-41d4-a716-446655440003', 91.00, '2024-03-20 08:50:00'),
('550e8400-e29b-41d4-a716-446655440003', 90.60, '2024-03-27 09:15:00');

-- Insert measurements for Ana Oliveira
INSERT INTO profile_measurement (profile_id, weight_value, measured_at) VALUES
('550e8400-e29b-41d4-a716-446655440004', 58.90, '2024-01-07 06:45:00'),
('550e8400-e29b-41d4-a716-446655440004', 58.70, '2024-01-14 07:00:00'),
('550e8400-e29b-41d4-a716-446655440004', 58.40, '2024-01-21 06:30:00'),
('550e8400-e29b-41d4-a716-446655440004', 58.10, '2024-01-28 07:15:00'),
('550e8400-e29b-41d4-a716-446655440004', 57.80, '2024-02-04 06:50:00'),
('550e8400-e29b-41d4-a716-446655440004', 57.40, '2024-02-11 07:05:00'),
('550e8400-e29b-41d4-a716-446655440004', 57.10, '2024-02-18 06:20:00'),
('550e8400-e29b-41d4-a716-446655440004', 56.80, '2024-02-25 07:30:00'),
('550e8400-e29b-41d4-a716-446655440004', 56.50, '2024-03-03 06:45:00'),
('550e8400-e29b-41d4-a716-446655440004', 56.20, '2024-03-10 07:00:00'),
('550e8400-e29b-41d4-a716-446655440004', 55.90, '2024-03-17 06:15:00');

-- Insert measurements for Roberto Costa
INSERT INTO profile_measurement (profile_id, weight_value, measured_at) VALUES
('550e8400-e29b-41d4-a716-446655440005', 78.30, '2024-01-02 08:30:00'),
('550e8400-e29b-41d4-a716-446655440005', 78.10, '2024-01-09 08:45:00'),
('550e8400-e29b-41d4-a716-446655440005', 77.80, '2024-01-16 08:00:00'),
('550e8400-e29b-41d4-a716-446655440005', 77.40, '2024-01-23 09:15:00'),
('550e8400-e29b-41d4-a716-446655440005', 77.00, '2024-01-30 08:20:00'),
('550e8400-e29b-41d4-a716-446655440005', 76.50, '2024-02-06 08:35:00'),
('550e8400-e29b-41d4-a716-446655440005', 76.10, '2024-02-13 08:50:00'),
('550e8400-e29b-41d4-a716-446655440005', 75.70, '2024-02-20 07:25:00'),
('550e8400-e29b-41d4-a716-446655440005', 75.30, '2024-02-27 08:40:00'),
('550e8400-e29b-41d4-a716-446655440005', 74.90, '2024-03-05 08:55:00'),
('550e8400-e29b-41d4-a716-446655440005', 74.50, '2024-03-12 07:10:00'),
('550e8400-e29b-41d4-a716-446655440005', 74.10, '2024-03-19 08:25:00'),
('550e8400-e29b-41d4-a716-446655440005', 73.80, '2024-03-26 08:40:00');

-- Add some sample embeddings (simplified 128-dimensional vectors)
-- These are just example vectors - in real scenarios these would be generated by ML models
INSERT INTO profile_embedding (id, profile_id, embedding) VALUES
('660e8400-e29b-41d4-a716-446655440001', '550e8400-e29b-41d4-a716-446655440001',
 '[0.1, 0.2, 0.3, 0.4, 0.5, 0.6, 0.7, 0.8, 0.9, 1.0, 0.11, 0.12, 0.13, 0.14, 0.15, 0.16, 0.17, 0.18, 0.19, 0.2, 0.21, 0.22, 0.23, 0.24, 0.25, 0.26, 0.27, 0.28, 0.29, 0.3, 0.31, 0.32, 0.33, 0.34, 0.35, 0.36, 0.37, 0.38, 0.39, 0.4, 0.41, 0.42, 0.43, 0.44, 0.45, 0.46, 0.47, 0.48, 0.49, 0.5, 0.51, 0.52, 0.53, 0.54, 0.55, 0.56, 0.57, 0.58, 0.59, 0.6, 0.61, 0.62, 0.63, 0.64, 0.65, 0.66, 0.67, 0.68, 0.69, 0.7, 0.71, 0.72, 0.73, 0.74, 0.75, 0.76, 0.77, 0.78, 0.79, 0.8, 0.81, 0.82, 0.83, 0.84, 0.85, 0.86, 0.87, 0.88, 0.89, 0.9, 0.91, 0.92, 0.93, 0.94, 0.95, 0.96, 0.97, 0.98, 0.99, 0.1, 0.11, 0.12, 0.13, 0.14, 0.15, 0.16, 0.17, 0.18, 0.19, 0.2, 0.21, 0.22, 0.23, 0.24, 0.25, 0.26, 0.27, 0.28, 0.29, 0.3, 0.31, 0.32, 0.33, 0.34, 0.35, 0.36, 0.37, 0.38, 0.39, 0.4, 0.41, 0.42, 0.43, 0.44, 0.45, 0.46, 0.47, 0.48, 0.49, 0.5, 0.51, 0.52, 0.53, 0.54, 0.55, 0.56, 0.57, 0.58, 0.59, 0.6, 0.61, 0.62, 0.63, 0.64, 0.65, 0.66, 0.67, 0.68, 0.69, 0.7, 0.71, 0.72, 0.73, 0.74, 0.75, 0.76, 0.77, 0.78, 0.79, 0.8, 0.81, 0.82, 0.83, 0.84, 0.85, 0.86, 0.87, 0.88, 0.89, 0.9, 0.91, 0.92, 0.93, 0.94, 0.95, 0.96, 0.97, 0.98, 0.99, 1.0]'),

('660e8400-e29b-41d4-a716-446655440002', '550e8400-e29b-41d4-a716-446655440002',
 '[0.2, 0.3, 0.4, 0.5, 0.6, 0.7, 0.8, 0.9, 1.0, 0.1, 0.12, 0.13, 0.14, 0.15, 0.16, 0.17, 0.18, 0.19, 0.2, 0.3, 0.22, 0.23, 0.24, 0.25, 0.26, 0.27, 0.28, 0.29, 0.4, 0.32, 0.33, 0.34, 0.35, 0.36, 0.37, 0.38, 0.39, 0.5, 0.41, 0.42, 0.43, 0.44, 0.45, 0.46, 0.47, 0.48, 0.6, 0.51, 0.52, 0.53, 0.54, 0.55, 0.56, 0.57, 0.58, 0.7, 0.61, 0.62, 0.63, 0.64, 0.65, 0.66, 0.67, 0.68, 0.8, 0.71, 0.72, 0.73, 0.74, 0.75, 0.76, 0.77, 0.78, 0.9, 0.81, 0.82, 0.83, 0.84, 0.85, 0.86, 0.87, 0.88, 0.99, 0.91, 0.92, 0.93, 0.94, 0.95, 0.96, 0.97, 0.98, 0.09, 0.11, 0.12, 0.13, 0.14, 0.15, 0.16, 0.17, 0.18, 0.19, 0.2, 0.21, 0.22, 0.23, 0.24, 0.25, 0.26, 0.27, 0.28, 0.29, 0.3, 0.31, 0.32, 0.33, 0.34, 0.35, 0.36, 0.37, 0.38, 0.39, 0.4, 0.41, 0.42, 0.43, 0.44, 0.45, 0.46, 0.47, 0.48, 0.49, 0.5, 0.51, 0.52, 0.53, 0.54, 0.55, 0.56, 0.57, 0.58, 0.59, 0.6, 0.61, 0.62, 0.63, 0.64, 0.65, 0.66, 0.67, 0.68, 0.69, 0.7, 0.71, 0.72, 0.73, 0.74, 0.75, 0.76, 0.77, 0.78, 0.79, 0.8, 0.81, 0.82, 0.83, 0.84, 0.85, 0.86, 0.87, 0.88, 0.89, 0.9, 0.91, 0.92, 0.93, 0.94, 0.95, 0.96, 0.97, 0.98, 0.99, 1.0]'),

('660e8400-e29b-41d4-a716-446655440003', '550e8400-e29b-41d4-a716-446655440003',
 '[0.3, 0.4, 0.5, 0.6, 0.7, 0.8, 0.9, 1.0, 0.1, 0.2, 0.13, 0.14, 0.15, 0.16, 0.17, 0.18, 0.19, 0.2, 0.3, 0.4, 0.23, 0.24, 0.25, 0.26, 0.27, 0.28, 0.29, 0.4, 0.5, 0.33, 0.34, 0.35, 0.36, 0.37, 0.38, 0.39, 0.5, 0.6, 0.42, 0.43, 0.44, 0.45, 0.46, 0.47, 0.48, 0.6, 0.7, 0.53, 0.54, 0.55, 0.56, 0.57, 0.58, 0.59, 0.7, 0.8, 0.62, 0.63, 0.64, 0.65, 0.66, 0.67, 0.68, 0.8, 0.9, 0.72, 0.73, 0.74, 0.75, 0.76, 0.77, 0.78, 0.9, 0.1, 0.82, 0.83, 0.84, 0.85, 0.86, 0.87, 0.88, 0.99, 0.01, 0.92, 0.93, 0.94, 0.95, 0.96, 0.97, 0.98, 0.09, 0.11, 0.12, 0.13, 0.14, 0.15, 0.16, 0.17, 0.18, 0.19, 0.2, 0.21, 0.22, 0.23, 0.24, 0.25, 0.26, 0.27, 0.28, 0.29, 0.3, 0.31, 0.32, 0.33, 0.34, 0.35, 0.36, 0.37, 0.38, 0.39, 0.4, 0.41, 0.42, 0.43, 0.44, 0.45, 0.46, 0.47, 0.48, 0.49, 0.5, 0.51, 0.52, 0.53, 0.54, 0.55, 0.56, 0.57, 0.58, 0.59, 0.6, 0.61, 0.62, 0.63, 0.64, 0.65, 0.66, 0.67, 0.68, 0.69, 0.7, 0.71, 0.72, 0.73, 0.74, 0.75, 0.76, 0.77, 0.78, 0.79, 0.8, 0.81, 0.82, 0.83, 0.84, 0.85, 0.86, 0.87, 0.88, 0.89, 0.9, 0.91, 0.92, 0.93, 0.94, 0.95, 0.96, 0.97, 0.98, 0.99, 1.0]');

-- Summary of inserted data
-- Profiles: 5 users
-- Measurements: 59 total measurements across all profiles
-- Embeddings: 3 sample embeddings
-- Date range: January 1, 2024 to March 27, 2024